id,user_id,amount,transaction_type,reference_id,reference_type,status,remark,created_at,updated_at
6662347,50225,15.00,1,6410861,cash_point,1,Successful TFTYAJX##ACM101BTRNK#100 QR scan,2026-07-01 00:34:58,2026-07-01 00:34:58
6662348,50225,15.00,1,6410862,cash_point,1,Successful VNZPXBC##ACM101BTRNK#95 QR scan,2026-07-01 00:34:58,2026-07-01 00:34:58
6662349,62977,-2000.00,0,50934,withdrawal,1,Cash Withdrawal,2026-07-01 02:25:13,2026-07-01 02:25:13
6662350,63852,-700.00,0,50935,withdrawal,1,Cash Withdrawal,2026-07-01 02:45:13,2026-07-01 02:45:13
6662351,62977,-2000.00,0,50936,withdrawal,1,Cash Withdrawal,2026-07-01 06:20:14,2026-07-01 06:20:14
6662352,62357,-755.00,0,50937,withdrawal,1,Cash Withdrawal,2026-07-01 07:15:13,2026-07-01 07:15:13
6662353,59767,-580.00,0,50938,withdrawal,1,Cash Withdrawal,2026-07-01 07:35:15,2026-07-01 07:35:15
6662354,56229,20.00,1,6410863,cash_point,1,Successful kjv1xc5 QR scan,2026-07-01 07:46:17,2026-07-01 07:46:17
6662355,56229,20.00,1,6410864,cash_point,1,Successful ycyleay QR scan,2026-07-01 07:49:44,2026-07-01 07:49:44
6662356,56229,20.00,1,6410865,cash_point,1,Successful 8lk76b5 QR scan,2026-07-01 07:50:17,2026-07-01 07:50:17
6662357,56229,20.00,1,6410866,cash_point,1,Successful 4wjyrxv QR scan,2026-07-01 07:50:52,2026-07-01 07:50:52
6662358,56229,20.00,1,6410867,cash_point,1,Successful xv78ja4 QR scan,2026-07-01 07:51:21,2026-07-01 07:51:21
6662359,56229,15.00,1,6410868,cash_point,1,Successful lqgcvrf QR scan,2026-07-01 07:52:14,2026-07-01 07:52:14
6662360,56229,15.00,1,6410869,cash_point,1,Successful wqpslgn QR scan,2026-07-01 07:53:30,2026-07-01 07:53:30
6662361,56229,15.00,1,6410870,cash_point,1,Successful feebiwo QR scan,2026-07-01 07:54:06,2026-07-01 07:54:06
6662362,56229,20.00,1,6410871,cash_point,1,Successful kpxfsrz QR scan,2026-07-01 07:54:38,2026-07-01 07:54:38
6662363,56229,20.00,1,6410872,cash_point,1,Successful jpurjzy QR scan,2026-07-01 07:55:07,2026-07-01 07:55:07
6662364,54276,-1000.00,0,50939,withdrawal,1,Cash Withdrawal,2026-07-01 07:55:14,2026-07-01 07:55:14
6662365,56229,20.00,1,6410873,cash_point,1,Successful rgjjykl QR scan,2026-07-01 07:55:34,2026-07-01 07:55:34
6662366,56163,25.00,1,6410874,cash_point,1,Successful XZVPVQO##ASI090BTRNK#XL QR scan,2026-07-01 07:56:26,2026-07-01 07:56:26
6662367,56229,20.00,1,6410875,cash_point,1,Successful adzyfqa QR scan,2026-07-01 07:56:38,2026-07-01 07:56:38
6662368,56163,25.00,1,6410876,cash_point,1,Successful JWAOBVP##ASI090BTRNK#L QR scan,2026-07-01 07:56:47,2026-07-01 07:56:47
6662369,56163,20.00,1,6410877,cash_point,1,Successful CRAQIYH##AMC111BTRNK2P#90 QR scan,2026-07-01 07:56:58,2026-07-01 07:56:58
6662370,56163,20.00,1,6410878,cash_point,1,Successful ROOEAYR##AMC111BTRNK2P#90 QR scan,2026-07-01 07:57:28,2026-07-01 07:57:28
6662371,56163,20.00,1,6410879,cash_point,1,Successful AVL2MWG QR scan,2026-07-01 07:57:40,2026-07-01 07:57:40
6662372,51943,25.00,1,6410880,cash_point,1,Successful SFHXMJB##ASI094BTRNK#XL QR scan,2026-07-01 08:15:12,2026-07-01 08:15:12
6662373,51943,15.00,1,6410881,cash_point,1,Successful AIYXLHF##ACM001BRN2PC#95 QR scan,2026-07-01 08:15:13,2026-07-01 08:15:13
6662374,51943,15.00,1,6410882,cash_point,1,Successful SYQGJII##ACM001BRN2PC#95 QR scan,2026-07-01 08:15:13,2026-07-01 08:15:13
6662375,51943,15.00,1,6410883,cash_point,1,Successful OHQZVFN##ACM001BRN2PC#95 QR scan,2026-07-01 08:15:13,2026-07-01 08:15:13
6662376,51943,15.00,1,6410884,cash_point,1,Successful MHRYLTY##ACM001BRN2PC#95 QR scan,2026-07-01 08:15:14,2026-07-01 08:15:14
6662377,51943,15.00,1,6410885,cash_point,1,Successful UYLGCOI##ACM001BRN2PC#95 QR scan,2026-07-01 08:15:14,2026-07-01 08:15:14
6662378,66372,15.00,1,6410886,cash_point,1,Successful DWVEBME##ACM001BRNS2P#95 QR scan,2026-07-01 08:17:17,2026-07-01 08:17:17
6662379,66372,15.00,1,6410887,cash_point,1,Successful DKEZBHS##ACM023BTRNK2AST#85 QR scan,2026-07-01 08:17:45,2026-07-01 08:17:45
6662380,66372,15.00,1,6410888,cash_point,1,Successful FUQIECQ##ACM001BRN2PC#85 QR scan,2026-07-01 08:18:27,2026-07-01 08:18:27
6662381,66372,15.00,1,6410889,cash_point,1,Successful DBSRDRZ##ACM001BRN2PC#100 QR scan,2026-07-01 08:19:12,2026-07-01 08:19:12
6662382,66372,15.00,1,6410890,cash_point,1,Successful ZIQVVMV##ACM023BTRNK2AST#90 QR scan,2026-07-01 08:19:51,2026-07-01 08:19:51
6662383,68558,15.00,1,6410891,cash_point,1,Successful GFVNUNC##ACM006BRN2P#85 QR scan,2026-07-01 08:37:38,2026-07-01 08:37:38
6662384,68558,15.00,1,6410892,cash_point,1,Successful CXQDVIZ##ACM006BRN2P#85 QR scan,2026-07-01 08:37:38,2026-07-01 08:37:38
6662385,68558,15.00,1,6410893,cash_point,1,Successful IDVZHDD##ACM006BRN2P#85 QR scan,2026-07-01 08:37:38,2026-07-01 08:37:38
6662386,68558,15.00,1,6410894,cash_point,1,Successful IKMRIIR##ACM006BRN2P#85 QR scan,2026-07-01 08:37:38,2026-07-01 08:37:38
6662387,68558,15.00,1,6410895,cash_point,1,Successful HTCGDNJ##ACM006BRN2P#85 QR scan,2026-07-01 08:37:38,2026-07-01 08:37:38
6662388,68558,15.00,1,6410896,cash_point,1,Successful JIHTETZ##ACM006BRN2P#85 QR scan,2026-07-01 08:37:38,2026-07-01 08:37:38
6662389,68558,15.00,1,6410897,cash_point,1,Successful EABHXAZ##ACM006BRN2P#90 QR scan,2026-07-01 08:38:08,2026-07-01 08:38:08
6662390,68558,15.00,1,6410898,cash_point,1,Successful FVESCNR##ACM006BRN2P#90 QR scan,2026-07-01 08:38:09,2026-07-01 08:38:09
6662391,68558,15.00,1,6410899,cash_point,1,Successful JHGKFES##ACM006BRN2P#90 QR scan,2026-07-01 08:38:09,2026-07-01 08:38:09
6662392,68558,15.00,1,6410900,cash_point,1,Successful HLAHYWZ##ACM006BRN2P#90 QR scan,2026-07-01 08:38:09,2026-07-01 08:38:09
6662393,68558,15.00,1,6410901,cash_point,1,Successful GKGUWNS##ACM006BRN2P#90 QR scan,2026-07-01 08:38:09,2026-07-01 08:38:09
6662394,68558,15.00,1,6410902,cash_point,1,Successful LXXRUSU##ACM006BRN2P#90 QR scan,2026-07-01 08:38:09,2026-07-01 08:38:09
6662395,68558,15.00,1,6410903,cash_point,1,Successful VTGNGUB##ACM006BRN2P#90 QR scan,2026-07-01 08:40:21,2026-07-01 08:40:21
6662396,68558,15.00,1,6410904,cash_point,1,Successful KHVXGLD##ACM006BRN2P#90 QR scan,2026-07-01 08:40:44,2026-07-01 08:40:44
6662397,68558,15.00,1,6410905,cash_point,1,Successful XGTHUEI##ACM006BRN2P#90 QR scan,2026-07-01 08:40:44,2026-07-01 08:40:44
6662398,68558,15.00,1,6410906,cash_point,1,Successful BOQGJHH##ACM006BRN2P#90 QR scan,2026-07-01 08:40:44,2026-07-01 08:40:44
6662399,68558,15.00,1,6410907,cash_point,1,Successful BECITQO##ACM006BRN2P#90 QR scan,2026-07-01 08:40:45,2026-07-01 08:40:45
6662400,68558,15.00,1,6410908,cash_point,1,Successful PXMTVLB##ACM006BRN2P#90 QR scan,2026-07-01 08:40:45,2026-07-01 08:40:45
6662401,68558,15.00,1,6410909,cash_point,1,Successful GVREMZK##ACM006BRN2P#85 QR scan,2026-07-01 08:42:36,2026-07-01 08:42:36
6662402,68558,15.00,1,6410910,cash_point,1,Successful ZWATJDN##ACM006BRN2P#85 QR scan,2026-07-01 08:42:36,2026-07-01 08:42:36
6662403,68558,15.00,1,6410911,cash_point,1,Successful MUGBZOK##ACM006BRN2P#85 QR scan,2026-07-01 08:42:36,2026-07-01 08:42:36
6662404,68558,15.00,1,6410912,cash_point,1,Successful VMIQMRW##ACM006BRN2P#85 QR scan,2026-07-01 08:42:36,2026-07-01 08:42:36
6662405,68558,15.00,1,6410913,cash_point,1,Successful MARBZCU##ACM006BRN2P#85 QR scan,2026-07-01 08:42:36,2026-07-01 08:42:36
6662406,68558,15.00,1,6410914,cash_point,1,Successful HBYJEIH##ACM006BRN2P#85 QR scan,2026-07-01 08:42:36,2026-07-01 08:42:36
6662407,68558,15.00,1,6410915,cash_point,1,Successful IHJGSAG##ACM006BRN2P#85 QR scan,2026-07-01 08:43:16,2026-07-01 08:43:16
6662408,68558,15.00,1,6410916,cash_point,1,Successful RSTIQZD##ACM006BRN2P#85 QR scan,2026-07-01 08:43:16,2026-07-01 08:43:16
6662409,68558,15.00,1,6410917,cash_point,1,Successful PZJUZCU##ACM006BRN2P#85 QR scan,2026-07-01 08:43:16,2026-07-01 08:43:16
6662410,68558,15.00,1,6410918,cash_point,1,Successful JUVAXQN##ACM006BRN2P#90 QR scan,2026-07-01 08:43:16,2026-07-01 08:43:16
6662411,68558,15.00,1,6410919,cash_point,1,Successful LZHAFJI##ACM006BRN2P#100 QR scan,2026-07-01 08:43:17,2026-07-01 08:43:17
6662412,68558,15.00,1,6410920,cash_point,1,Successful PHWZDWE##ACM006BRN2P#90 QR scan,2026-07-01 08:43:17,2026-07-01 08:43:17
6662413,68558,15.00,1,6410921,cash_point,1,Successful XKIUJSO##ACM006BRN2P#100 QR scan,2026-07-01 08:43:17,2026-07-01 08:43:17
6662414,68558,15.00,1,6410922,cash_point,1,Successful ERKBUQX##ACM006BRN2P#90 QR scan,2026-07-01 08:43:17,2026-07-01 08:43:17
6662415,68558,15.00,1,6410923,cash_point,1,Successful WEMALYU##ACM006BRN2P#95 QR scan,2026-07-01 08:44:05,2026-07-01 08:44:05
6662416,68558,15.00,1,6410924,cash_point,1,Successful CRKJAKO##ACM006BRN2P#95 QR scan,2026-07-01 08:44:05,2026-07-01 08:44:05
6662417,68558,15.00,1,6410925,cash_point,1,Successful DIDADNR##ACM006BRN2P#95 QR scan,2026-07-01 08:44:05,2026-07-01 08:44:05
6662418,68558,15.00,1,6410926,cash_point,1,Successful GWTBYKI##ACM006BRN2P#95 QR scan,2026-07-01 08:44:05,2026-07-01 08:44:05
6662419,68558,15.00,1,6410927,cash_point,1,Successful JGOTDGM##ACM006BRN2P#95 QR scan,2026-07-01 08:44:05,2026-07-01 08:44:05
6662420,68558,15.00,1,6410928,cash_point,1,Successful XSMLRNP##ACM006BRN2P#95 QR scan,2026-07-01 08:44:06,2026-07-01 08:44:06
6662421,56606,20.00,1,6410929,cash_point,1,Successful WUBUQJM##AMC021BRN2PCZP#90 QR scan,2026-07-01 08:44:12,2026-07-01 08:44:12
6662422,68558,15.00,1,6410930,cash_point,1,Successful XRDYEBE##ACM006BRN2P#100 QR scan,2026-07-01 08:44:33,2026-07-01 08:44:33
6662423,68558,15.00,1,6410931,cash_point,1,Successful DBOBSMD##ACM006BRN2P#100 QR scan,2026-07-01 08:44:34,2026-07-01 08:44:34
6662424,68558,15.00,1,6410932,cash_point,1,Successful TRIZZXQ##ACM006BRN2P#100 QR scan,2026-07-01 08:44:34,2026-07-01 08:44:34
6662425,68558,15.00,1,6410933,cash_point,1,Successful LGYVUPZ##ACM006BRN2P#100 QR scan,2026-07-01 08:44:34,2026-07-01 08:44:34
6662426,68558,15.00,1,6410934,cash_point,1,Successful KJOLKIG##ACM006BRN2P#100 QR scan,2026-07-01 08:44:34,2026-07-01 08:44:34
6662427,68558,15.00,1,6410935,cash_point,1,Successful RSHWDHW##ACM006BRN2P#100 QR scan,2026-07-01 08:44:34,2026-07-01 08:44:34
6662428,56606,20.00,1,6410936,cash_point,1,Successful 9LXCGMU QR scan,2026-07-01 08:44:39,2026-07-01 08:44:39
6662429,56606,20.00,1,6410937,cash_point,1,Successful HTRRAGA QR scan,2026-07-01 08:44:49,2026-07-01 08:44:49
6662430,49477,-4000.00,0,50940,withdrawal,1,Cash Withdrawal,2026-07-01 08:50:14,2026-07-01 08:50:14
6662431,52032,20.00,1,6410938,cash_point,1,Successful X9ADUHE QR scan,2026-07-01 09:00:44,2026-07-01 09:00:44
6662432,52032,12.50,1,6410939,cash_point,1,Successful BIIQFBR##ASP032BBLK#L QR scan,2026-07-01 09:01:41,2026-07-01 09:01:41
6662433,52032,12.50,1,6410940,cash_point,1,Successful KNODNUU##ASP162BAST#XL QR scan,2026-07-01 09:01:41,2026-07-01 09:01:41
6662434,52032,20.00,1,6410941,cash_point,1,Successful GZGLYOK##AMC061BBRIF1AST#95 QR scan,2026-07-01 09:01:41,2026-07-01 09:01:41
6662435,52032,12.50,1,6410942,cash_point,1,Successful LFJOHHM##ASP744BAST#M QR scan,2026-07-01 09:04:12,2026-07-01 09:04:12
6662436,56312,-700.00,0,50941,withdrawal,1,Cash Withdrawal,2026-07-01 09:05:17,2026-07-01 09:05:17
6662437,52032,25.00,1,6410943,cash_point,1,Successful IXOCMQS##ASP046BAST#XXL QR scan,2026-07-01 09:06:09,2026-07-01 09:06:09
6662438,52032,25.00,1,6410944,cash_point,1,Successful VCKVFGO##ASP042BAST#XL QR scan,2026-07-01 09:06:09,2026-07-01 09:06:09
6662439,52032,25.00,1,6410945,cash_point,1,Successful JZBXLFD QR scan,2026-07-01 09:06:29,2026-07-01 09:06:29
6662440,52032,25.00,1,6410946,cash_point,1,Successful SSEQBPP QR scan,2026-07-01 09:07:11,2026-07-01 09:07:11
6662441,67688,15.00,1,6410947,cash_point,1,Successful JVJEHRR##ACM030BTRNK#100 QR scan,2026-07-01 09:07:24,2026-07-01 09:07:24
6662442,67688,15.00,1,6410948,cash_point,1,Successful OGEEEXE##ACM030BTRNK#100 QR scan,2026-07-01 09:07:25,2026-07-01 09:07:25
6662443,67688,15.00,1,6410949,cash_point,1,Successful MRQTHJX##ACM030BTRNK#100 QR scan,2026-07-01 09:07:41,2026-07-01 09:07:41
6662444,67688,15.00,1,6410950,cash_point,1,Successful AGYZYYP##ACM030BTRNK#95 QR scan,2026-07-01 09:07:59,2026-07-01 09:07:59
6662445,67688,15.00,1,6410951,cash_point,1,Successful IFKINVV##ACM030BTRNK#95 QR scan,2026-07-01 09:07:59,2026-07-01 09:07:59
6662446,52032,25.00,1,6410952,cash_point,1,Successful VATJXCG##ASP813BAST#XL QR scan,2026-07-01 09:10:14,2026-07-01 09:10:14
6662447,47925,5.00,1,6410953,cash_point,1,Successful VATJXCG##ASP813BAST#XL QR scan,2026-07-01 09:10:14,2026-07-01 09:10:14
6662448,67688,15.00,1,6410954,cash_point,1,Successful ZVVXHGS##ACM030BTRNK#95 QR scan,2026-07-01 09:11:02,2026-07-01 09:11:02
6662449,67688,15.00,1,6410955,cash_point,1,Successful BZCOSNR##ACM030BTRNK#95 QR scan,2026-07-01 09:11:02,2026-07-01 09:11:02
6662450,67688,15.00,1,6410956,cash_point,1,Successful JKFMZNH##ACM030BTRNK#90 QR scan,2026-07-01 09:11:02,2026-07-01 09:11:02
6662451,67688,15.00,1,6410957,cash_point,1,Successful GMLBEIF##ACM030BTRNK#85 QR scan,2026-07-01 09:12:23,2026-07-01 09:12:23
6662452,67688,20.00,1,6410958,cash_point,1,Successful GRLDLGO##AMC061BBRIF1AST#85 QR scan,2026-07-01 09:12:39,2026-07-01 09:12:39
6662453,67688,15.00,1,6410959,cash_point,1,Successful JVYPPCD##ACM033BBRIF1AST#95 QR scan,2026-07-01 09:14:08,2026-07-01 09:14:08
6662454,67688,15.00,1,6410960,cash_point,1,Successful VNJZSYK##ACM033BBRIF1AST#95 QR scan,2026-07-01 09:14:08,2026-07-01 09:14:08
6662455,67688,15.00,1,6410961,cash_point,1,Successful NQMEPIL##ACM033BBRIF1AST#95 QR scan,2026-07-01 09:14:37,2026-07-01 09:14:37
6662456,67688,15.00,1,6410962,cash_point,1,Successful VXXQGHL##ACM033BBRIF1AST#85 QR scan,2026-07-01 09:14:37,2026-07-01 09:14:37
6662457,76669,15.00,1,6410963,cash_point,1,Successful ZAWSCVR##ACM006BRNS2P#90 QR scan,2026-07-01 09:17:21,2026-07-01 09:17:21
6662458,76669,15.00,1,6410964,cash_point,1,Successful MFETHCZ##ACM006BRNS2P#90 QR scan,2026-07-01 09:17:21,2026-07-01 09:17:21
6662459,76669,15.00,1,6410965,cash_point,1,Successful TJZJQJJ##ACM006BRNS2P#90 QR scan,2026-07-01 09:17:21,2026-07-01 09:17:21
6662460,76669,15.00,1,6410966,cash_point,1,Successful SNDOHRW##ACM006BRNS2P#90 QR scan,2026-07-01 09:17:21,2026-07-01 09:17:21
6662461,76669,15.00,1,6410967,cash_point,1,Successful RFGUQOW##ACM006BRNS2P#90 QR scan,2026-07-01 09:17:21,2026-07-01 09:17:21
6662462,76669,15.00,1,6410968,cash_point,1,Successful QZVCUBA##ACM006BRNS2P#90 QR scan,2026-07-01 09:17:21,2026-07-01 09:17:21
6662463,76669,15.00,1,6410969,cash_point,1,Successful NYQGWET##ACM006BRNS2P#100 QR scan,2026-07-01 09:17:21,2026-07-01 09:17:21
6662464,76669,15.00,1,6410970,cash_point,1,Successful CBSNJOO##ACM006BRNS2P#100 QR scan,2026-07-01 09:17:21,2026-07-01 09:17:21
6662465,76669,15.00,1,6410971,cash_point,1,Successful TERMRVG##ACM006BRNS2P#95 QR scan,2026-07-01 09:17:22,2026-07-01 09:17:22
6662466,76669,15.00,1,6410972,cash_point,1,Successful ZASOGUS##ACM006BRNS2P#100 QR scan,2026-07-01 09:17:22,2026-07-01 09:17:22
6662467,76669,15.00,1,6410973,cash_point,1,Successful DJPBKOG##ACM006BRNS2P#95 QR scan,2026-07-01 09:17:22,2026-07-01 09:17:22
6662468,76669,15.00,1,6410974,cash_point,1,Successful HTOMZHP##ACM006BRNS2P#90 QR scan,2026-07-01 09:17:22,2026-07-01 09:17:22
6662469,76669,15.00,1,6410975,cash_point,1,Successful XCNCMJW##ACM006BRNS2P#90 QR scan,2026-07-01 09:17:22,2026-07-01 09:17:22
6662470,76669,15.00,1,6410976,cash_point,1,Successful DQALBIV##ACM006BRNS2P#85 QR scan,2026-07-01 09:17:22,2026-07-01 09:17:22
6662471,76669,15.00,1,6410977,cash_point,1,Successful SQUNNMF##ACM006BRNS2P#95 QR scan,2026-07-01 09:17:22,2026-07-01 09:17:22
6662472,76669,15.00,1,6410978,cash_point,1,Successful MNGBAGZ##ACM006BRNS2P#85 QR scan,2026-07-01 09:17:22,2026-07-01 09:17:22
6662473,76669,15.00,1,6410979,cash_point,1,Successful STMVILD##ACM006BRNS2P#95 QR scan,2026-07-01 09:17:22,2026-07-01 09:17:22
6662474,76669,15.00,1,6410980,cash_point,1,Successful ENHSYGI##ACM006BRNS2P#85 QR scan,2026-07-01 09:17:22,2026-07-01 09:17:22
6662475,74505,25.00,1,6410981,cash_point,1,Successful MKWMRGW##ASI090BTRNK#M QR scan,2026-07-01 09:18:28,2026-07-01 09:18:28
6662476,52448,25.00,1,6410982,cash_point,1,Successful QNUJZZO##ASI086BTRNK#M QR scan,2026-07-01 09:19:29,2026-07-01 09:19:29
6662477,76669,15.00,1,6410983,cash_point,1,Successful SEUFYHT##ACM023BTRNK2AST#90 QR scan,2026-07-01 09:20:50,2026-07-01 09:20:50
6662478,76669,15.00,1,6410984,cash_point,1,Successful HXPCKBD##ACM023BTRNK2AST#95 QR scan,2026-07-01 09:20:50,2026-07-01 09:20:50
6662479,76669,15.00,1,6410985,cash_point,1,Successful FQCHIWD##ACM023BTRNK2AST#90 QR scan,2026-07-01 09:20:50,2026-07-01 09:20:50
6662480,76669,15.00,1,6410986,cash_point,1,Successful LVNYQHA##ACM023BTRNK2AST#90 QR scan,2026-07-01 09:20:51,2026-07-01 09:20:51
6662481,76669,15.00,1,6410987,cash_point,1,Successful QKOLWJF##ACM023BTRNK2AST#90 QR scan,2026-07-01 09:20:51,2026-07-01 09:20:51
6662482,76669,15.00,1,6410988,cash_point,1,Successful VMCLGWT##ACM023BTRNK2AST#90 QR scan,2026-07-01 09:20:51,2026-07-01 09:20:51
6662483,76669,15.00,1,6410989,cash_point,1,Successful LAKKKAO##ACM023BTRNK2AST#100 QR scan,2026-07-01 09:20:51,2026-07-01 09:20:51
6662484,76669,15.00,1,6410990,cash_point,1,Successful RHZEPAJ##ACM023BTRNK2AST#90 QR scan,2026-07-01 09:20:51,2026-07-01 09:20:51
6662485,76669,15.00,1,6410991,cash_point,1,Successful QFRAMXG##ACM023BTRNK2AST#95 QR scan,2026-07-01 09:20:51,2026-07-01 09:20:51
6662486,76669,15.00,1,6410992,cash_point,1,Successful GGWYTEJ##ACM023BTRNK2AST#100 QR scan,2026-07-01 09:20:51,2026-07-01 09:20:51
6662487,76669,15.00,1,6410993,cash_point,1,Successful KFHDLFM##ACM023BTRNK2AST#100 QR scan,2026-07-01 09:20:51,2026-07-01 09:20:51
6662488,76669,15.00,1,6410994,cash_point,1,Successful YDDAFWB##ACM023BTRNK2AST#90 QR scan,2026-07-01 09:20:51,2026-07-01 09:20:51
6662489,76669,15.00,1,6410995,cash_point,1,Successful VRFMJQF##ACM023BTRNK2AST#90 QR scan,2026-07-01 09:20:51,2026-07-01 09:20:51
6662490,52448,25.00,1,6410996,cash_point,1,Successful KYGJYQR##ASI086BTRNK#L QR scan,2026-07-01 09:21:04,2026-07-01 09:21:04
6662491,52448,25.00,1,6410997,cash_point,1,Successful UUMHKDQ##ASI090BTRNK#L QR scan,2026-07-01 09:21:05,2026-07-01 09:21:05
6662492,52448,7.50,1,6410998,cash_point,1,Successful PQUQJIW##ACM211SCSRT-AST#73 QR scan,2026-07-01 09:21:05,2026-07-01 09:21:05
6662493,52448,7.50,1,6410999,cash_point,1,Successful SDVETYQ##ACM211SCSRT-AST#70 QR scan,2026-07-01 09:21:05,2026-07-01 09:21:05
6662494,52448,7.50,1,6411000,cash_point,1,Successful WQUQGPA##ACM211SCSRT-AST#73 QR scan,2026-07-01 09:21:05,2026-07-01 09:21:05
6662495,52448,7.50,1,6411001,cash_point,1,Successful LZIKJRL##ACM211SCSRT-AST#60 QR scan,2026-07-01 09:21:05,2026-07-01 09:21:05
6662496,52448,7.50,1,6411002,cash_point,1,Successful OLXXOYP##ACM211SCSRT-AST#60 QR scan,2026-07-01 09:21:05,2026-07-01 09:21:05
6662497,52448,7.50,1,6411003,cash_point,1,Successful CVODATN##ACM211SCSRT-AST#70 QR scan,2026-07-01 09:21:05,2026-07-01 09:21:05
6662498,52448,7.50,1,6411004,cash_point,1,Successful JBEXUSI##ACM211SCSRT-AST#65 QR scan,2026-07-01 09:21:05,2026-07-01 09:21:05
6662499,52448,7.50,1,6411005,cash_point,1,Successful KUVWWBW##ACM211SCSRT-AST#65 QR scan,2026-07-01 09:21:06,2026-07-01 09:21:06
6662500,52448,20.00,1,6411006,cash_point,1,Successful PKBXFRG##AMC111BTRNK#85 QR scan,2026-07-01 09:21:06,2026-07-01 09:21:06
6662501,52448,20.00,1,6411007,cash_point,1,Successful TTTVSKY##AMC111BTRNK#95 QR scan,2026-07-01 09:21:06,2026-07-01 09:21:06
6662502,52448,20.00,1,6411008,cash_point,1,Successful QXWHVSA##AMC111BTRNK#90 QR scan,2026-07-01 09:21:06,2026-07-01 09:21:06
6662503,52448,20.00,1,6411009,cash_point,1,Successful AOPKXZK##AMC111BTRNK#90 QR scan,2026-07-01 09:21:06,2026-07-01 09:21:06
6662504,52448,15.00,1,6411010,cash_point,1,Successful IFRXLUN##ACM030BTRNK#90 QR scan,2026-07-01 09:21:06,2026-07-01 09:21:06
6662505,52448,15.00,1,6411011,cash_point,1,Successful ZTKKTDA##ACM002BRN#85 QR scan,2026-07-01 09:21:06,2026-07-01 09:21:06
6662506,52448,15.00,1,6411012,cash_point,1,Successful RTJUAST##ACM002BRN#95 QR scan,2026-07-01 09:21:06,2026-07-01 09:21:06
6662507,52448,15.00,1,6411013,cash_point,1,Successful XVNFIKR##ACM002BRN#95 QR scan,2026-07-01 09:21:06,2026-07-01 09:21:06
6662508,52448,15.00,1,6411014,cash_point,1,Successful RPOTLRV##ACM002BRN#85 QR scan,2026-07-01 09:21:07,2026-07-01 09:21:07
6662509,52448,15.00,1,6411015,cash_point,1,Successful VIVHARA##ACM030BTRNK#85 QR scan,2026-07-01 09:21:07,2026-07-01 09:21:07
6662510,52448,15.00,1,6411016,cash_point,1,Successful KCPWLFY##ACM030BTRNK#95 QR scan,2026-07-01 09:21:07,2026-07-01 09:21:07
6662511,52448,15.00,1,6411017,cash_point,1,Successful TCBRTAX##ACM030BTRNK#100 QR scan,2026-07-01 09:21:07,2026-07-01 09:21:07
6662512,52448,7.50,1,6411018,cash_point,1,Successful TCIHSJG##ACM222SSLPS-AST#73 QR scan,2026-07-01 09:21:07,2026-07-01 09:21:07
6662513,52448,10.00,1,6411019,cash_point,1,Successful MDDPYEC##AMC025BRNZP#90 QR scan,2026-07-01 09:21:43,2026-07-01 09:21:43
6662514,52448,7.50,1,6411020,cash_point,1,Successful EEVRGVI##ACM006SRN#55 QR scan,2026-07-01 09:22:45,2026-07-01 09:22:45
6662515,52448,7.50,1,6411021,cash_point,1,Successful OGVMXEN##ACM001SRN#65 QR scan,2026-07-01 09:22:45,2026-07-01 09:22:45
6662516,52448,7.50,1,6411022,cash_point,1,Successful IIDWKEG##ACM252SDRWR#65 QR scan,2026-07-01 09:22:45,2026-07-01 09:22:45
6662517,63390,25.00,1,6411023,cash_point,1,Successful CSNWWRU##ASI090BTRNK#S QR scan,2026-07-01 09:27:56,2026-07-01 09:27:56
6662518,63390,25.00,1,6411024,cash_point,1,Successful GRCVRFA##ASI090BTRNK#L QR scan,2026-07-01 09:28:11,2026-07-01 09:28:11
6662519,66100,20.00,1,6411025,cash_point,1,Successful DFWUFCF##AMC114BTRNK#100 QR scan,2026-07-01 09:28:16,2026-07-01 09:28:16
6662520,48582,7.50,1,6411026,cash_point,1,Successful DWGXLXQ##ACM025STRNK#60 QR scan,2026-07-01 09:28:34,2026-07-01 09:28:34
6662521,66100,20.00,1,6411027,cash_point,1,Successful NMHPHQA##AMC114BTRNK#100 QR scan,2026-07-01 09:28:48,2026-07-01 09:28:48
6662522,66100,20.00,1,6411028,cash_point,1,Successful HFYGKJY##AMC114BTRNK#95 QR scan,2026-07-01 09:28:49,2026-07-01 09:28:49
6662523,66100,20.00,1,6411029,cash_point,1,Successful NWRNFCB##AMC114BTRNK#95 QR scan,2026-07-01 09:28:49,2026-07-01 09:28:49
6662524,66100,20.00,1,6411030,cash_point,1,Successful DYHWKIK##AMC114BTRNK#95 QR scan,2026-07-01 09:28:49,2026-07-01 09:28:49
6662525,66100,20.00,1,6411031,cash_point,1,Successful CQCYQJY##AMC114BTRNK#95 QR scan,2026-07-01 09:28:49,2026-07-01 09:28:49
6662526,63390,25.00,1,6411032,cash_point,1,Successful VJNCDJI##ASI094BTRNK#L QR scan,2026-07-01 09:28:56,2026-07-01 09:28:56
6662527,63390,25.00,1,6411033,cash_point,1,Successful VZPMXHG##ASI094BTRNK#M QR scan,2026-07-01 09:28:56,2026-07-01 09:28:56
6662528,63390,25.00,1,6411034,cash_point,1,Successful SVOKPWN##ASI090BTRNK#L QR scan,2026-07-01 09:29:04,2026-07-01 09:29:04
6662529,63390,25.00,1,6411035,cash_point,1,Successful DXBTXST##ASI090BTRNK#XXL QR scan,2026-07-01 09:29:25,2026-07-01 09:29:25
6662530,63390,25.00,1,6411036,cash_point,1,Successful DZBLZPU##ASI086BTRNK#M QR scan,2026-07-01 09:29:48,2026-07-01 09:29:48
6662531,48582,7.50,1,6411037,cash_point,1,Successful JGDAGCF##ACM025STRNK#70 QR scan,2026-07-01 09:30:07,2026-07-01 09:30:07
6662532,48582,7.50,1,6411038,cash_point,1,Successful EGAJFDL##ACM001SRN#65 QR scan,2026-07-01 09:30:07,2026-07-01 09:30:07
6662533,48582,7.50,1,6411039,cash_point,1,Successful PYFIGHS##ACM001SRN#60 QR scan,2026-07-01 09:30:07,2026-07-01 09:30:07
6662534,48582,7.50,1,6411040,cash_point,1,Successful QEAKQGV##ACM222SSLPS-AST#70 QR scan,2026-07-01 09:30:07,2026-07-01 09:30:07
6662535,48582,7.50,1,6411041,cash_point,1,Successful JNNBDGN##ACM222SSLPS-AST#73 QR scan,2026-07-01 09:30:07,2026-07-01 09:30:07
6662536,48582,7.50,1,6411042,cash_point,1,Successful MEYOWUU##ACM222SSLPS-AST#65 QR scan,2026-07-01 09:30:07,2026-07-01 09:30:07
6662537,48582,7.50,1,6411043,cash_point,1,Successful SMSCNMZ##ACM222SSLPS-AST#60 QR scan,2026-07-01 09:30:08,2026-07-01 09:30:08
6662538,48582,7.50,1,6411044,cash_point,1,Successful MXPAYMK##ACM212BCSRT-AST#75 QR scan,2026-07-01 09:30:08,2026-07-01 09:30:08
6662539,48582,7.50,1,6411045,cash_point,1,Successful FRBVWOK##ACM211SCSRT-AST#70 QR scan,2026-07-01 09:30:08,2026-07-01 09:30:08
6662540,48582,7.50,1,6411046,cash_point,1,Successful DXANYFR##ACM061BRN#M QR scan,2026-07-01 09:30:08,2026-07-01 09:30:08
6662541,48582,7.50,1,6411047,cash_point,1,Successful XBNCFRP##ACM061BRN#L QR scan,2026-07-01 09:30:08,2026-07-01 09:30:08
6662542,63390,25.00,1,6411048,cash_point,1,Successful KCLPENE##ASI086BTRNK#L QR scan,2026-07-01 09:30:11,2026-07-01 09:30:11
6662543,63390,25.00,1,6411049,cash_point,1,Successful WCPLTRB##ASI086BTRNK#L QR scan,2026-07-01 09:30:11,2026-07-01 09:30:11
6662544,63390,25.00,1,6411050,cash_point,1,Successful QSCPPUW##ASI086BTRNK#M QR scan,2026-07-01 09:30:11,2026-07-01 09:30:11
6662545,66100,-500.00,0,50942,withdrawal,1,Cash Withdrawal,2026-07-01 09:30:14,2026-07-01 09:30:14
6662546,63390,25.00,1,6411051,cash_point,1,Successful TEAIACO##ASI086BTRNK#XL QR scan,2026-07-01 09:30:37,2026-07-01 09:30:37
6662547,63390,25.00,1,6411052,cash_point,1,Successful KXYMXIU##ASI086BTRNK#XL QR scan,2026-07-01 09:30:38,2026-07-01 09:30:38
6662548,63390,25.00,1,6411053,cash_point,1,Successful EPAIUVB##ASI086BTRNK#XXL QR scan,2026-07-01 09:30:38,2026-07-01 09:30:38
6662549,68054,15.00,1,6411054,cash_point,1,Successful FHAMSIE##ACM002BRN#110 QR scan,2026-07-01 09:35:07,2026-07-01 09:35:07
6662550,68054,20.00,1,6411055,cash_point,1,Successful XDTOGIQ##AMC111BTRNK2P#110 QR scan,2026-07-01 09:35:08,2026-07-01 09:35:08
6662551,62429,-2000.00,0,50943,withdrawal,1,Cash Withdrawal,2026-07-01 09:35:20,2026-07-01 09:35:20
6662552,68054,15.00,1,6411056,cash_point,1,Successful CZGDTLU##ACM002BRN#100 QR scan,2026-07-01 09:35:30,2026-07-01 09:35:30
6662553,68054,15.00,1,6411057,cash_point,1,Successful NZUBDPT##ACM002BRN#90 QR scan,2026-07-01 09:35:31,2026-07-01 09:35:31
6662554,68054,15.00,1,6411058,cash_point,1,Successful CSOGTGM##ACM002BRNS#85 QR scan,2026-07-01 09:35:31,2026-07-01 09:35:31
6662555,68054,20.00,1,6411059,cash_point,1,Successful VQQZCGM##AMC111BTRNK2P#90 QR scan,2026-07-01 09:36:36,2026-07-01 09:36:36
6662556,64709,7.50,1,6411060,cash_point,1,Successful UFFRHUK##ACM252SDRWR#75 QR scan,2026-07-01 09:37:23,2026-07-01 09:37:23
6662557,64709,20.00,1,6411061,cash_point,1,Successful TKHDBVF##AMC111BTRNK#85 QR scan,2026-07-01 09:37:23,2026-07-01 09:37:23
6662558,64709,25.00,1,6411062,cash_point,1,Successful BQUJIEQ##ASP046BAST#XL QR scan,2026-07-01 09:37:23,2026-07-01 09:37:23
6662559,64709,20.00,1,6411063,cash_point,1,Successful GVJAHLA##AMC002BRNZP#95 QR scan,2026-07-01 09:37:23,2026-07-01 09:37:23
6662560,64709,20.00,1,6411064,cash_point,1,Successful PMHPSDA##AMC002BRNZP#90 QR scan,2026-07-01 09:37:24,2026-07-01 09:37:24
6662561,68054,15.00,1,6411065,cash_point,1,Successful ZQLYKUM##ACM002BRNS#95 QR scan,2026-07-01 09:37:24,2026-07-01 09:37:24
6662562,68054,20.00,1,6411066,cash_point,1,Successful UURJQZC##AMC111BTRNK2P#90 QR scan,2026-07-01 09:37:24,2026-07-01 09:37:24
6662563,68054,20.00,1,6411067,cash_point,1,Successful PLAQAPD##AMC111BTRNK2P#90 QR scan,2026-07-01 09:37:24,2026-07-01 09:37:24
6662564,68054,20.00,1,6411068,cash_point,1,Successful FEQOCFP##AMC111BTRNK2P#95 QR scan,2026-07-01 09:37:24,2026-07-01 09:37:24
6662565,68054,15.00,1,6411069,cash_point,1,Successful MYETDTU QR scan,2026-07-01 09:37:50,2026-07-01 09:37:50
6662566,76262,7.50,1,6411070,cash_point,1,Successful XKCLDTJ##ACM061BRN#XL QR scan,2026-07-01 09:37:59,2026-07-01 09:37:59
6662567,76262,7.50,1,6411071,cash_point,1,Successful BUXWKUJ##ACM061BRN#M QR scan,2026-07-01 09:37:59,2026-07-01 09:37:59
6662568,68054,-1000.00,0,50944,withdrawal,1,Cash Withdrawal,2026-07-01 09:40:14,2026-07-01 09:40:14
6662569,61769,7.50,1,6411072,cash_point,1,Successful MKNNATC##ACM025STRNK#73 QR scan,2026-07-01 09:43:04,2026-07-01 09:43:04
6662570,61769,7.50,1,6411073,cash_point,1,Successful XUYYSBQ##ACM025STRNK#73 QR scan,2026-07-01 09:43:10,2026-07-01 09:43:10
6662571,64420,25.00,1,6411074,cash_point,1,Successful RZBQRDI##ASI089MMBTRNK#M QR scan,2026-07-01 09:45:27,2026-07-01 09:45:27
6662572,64420,25.00,1,6411075,cash_point,1,Successful KSJQKHA##ASI089MMBTRNK#M QR scan,2026-07-01 09:45:27,2026-07-01 09:45:27
6662573,64420,25.00,1,6411076,cash_point,1,Successful VHOPOSD##ASI089MMBTRNK#M QR scan,2026-07-01 09:45:27,2026-07-01 09:45:27
6662574,64420,25.00,1,6411077,cash_point,1,Successful GZMONSC##ASI089MMBTRNK#L QR scan,2026-07-01 09:45:27,2026-07-01 09:45:27
6662575,64420,25.00,1,6411078,cash_point,1,Successful KQCVSDC##ASI089MMBTRNK#M QR scan,2026-07-01 09:45:27,2026-07-01 09:45:27
6662576,64420,25.00,1,6411079,cash_point,1,Successful ALMOHRO##ASI089MMBTRNK#M QR scan,2026-07-01 09:45:27,2026-07-01 09:45:27
6662577,64420,25.00,1,6411080,cash_point,1,Successful HQTYICP##ASI089MMBTRNK#L QR scan,2026-07-01 09:45:28,2026-07-01 09:45:28
6662578,64420,25.00,1,6411081,cash_point,1,Successful XNFVQTT##ASI089MMBTRNK#L QR scan,2026-07-01 09:45:28,2026-07-01 09:45:28
6662579,64420,25.00,1,6411082,cash_point,1,Successful PQHAOSZ##ASI089MMBTRNK#L QR scan,2026-07-01 09:45:28,2026-07-01 09:45:28
6662580,64420,25.00,1,6411083,cash_point,1,Successful RGZGAFC##ASI089MMBTRNK#XL QR scan,2026-07-01 09:45:28,2026-07-01 09:45:28
6662581,64420,25.00,1,6411084,cash_point,1,Successful GMJROAD##ASI089MMBTRNK#L QR scan,2026-07-01 09:45:28,2026-07-01 09:45:28
6662582,64420,25.00,1,6411085,cash_point,1,Successful QOWENXF##ASI089MMBTRNK#XL QR scan,2026-07-01 09:45:28,2026-07-01 09:45:28
6662583,64420,25.00,1,6411086,cash_point,1,Successful HIDATWK##ASI089MMBTRNK#XXL QR scan,2026-07-01 09:45:28,2026-07-01 09:45:28
6662584,64420,25.00,1,6411087,cash_point,1,Successful NJSKBAW##ASI089MMBTRNK#XXL QR scan,2026-07-01 09:45:28,2026-07-01 09:45:28
6662585,56606,7.50,1,6411088,cash_point,1,Successful YJBCKTZ##ACM211BCSRT-BLK#85 QR scan,2026-07-01 09:46:42,2026-07-01 09:46:42
6662586,56606,7.50,1,6411089,cash_point,1,Successful SVRGWIB##ACM211BCSRT-BLK#85 QR scan,2026-07-01 09:46:42,2026-07-01 09:46:42
6662587,56606,7.50,1,6411090,cash_point,1,Successful JDHRLPZ##ACM211BCSRT-BLK#80 QR scan,2026-07-01 09:46:42,2026-07-01 09:46:42
6662588,56606,7.50,1,6411091,cash_point,1,Successful MNEHDGG##ACM211BCSRT-AST#90 QR scan,2026-07-01 09:46:42,2026-07-01 09:46:42
6662589,56606,7.50,1,6411092,cash_point,1,Successful SIKKHFM##ACM211BCSRT-BLK#95 QR scan,2026-07-01 09:46:42,2026-07-01 09:46:42
6662590,56606,25.00,1,6411093,cash_point,1,Successful LTAQNWY##ASI084BTRNK#L QR scan,2026-07-01 09:46:42,2026-07-01 09:46:42
6662591,56606,25.00,1,6411094,cash_point,1,Successful QLIMQZH##ASI084BTRNK#L QR scan,2026-07-01 09:46:42,2026-07-01 09:46:42
6662592,56606,25.00,1,6411095,cash_point,1,Successful QWHQVKZ##ASI084BTRNK#M QR scan,2026-07-01 09:46:42,2026-07-01 09:46:42
6662593,56606,20.00,1,6411096,cash_point,1,Successful 4XVY4XD QR scan,2026-07-01 09:47:00,2026-07-01 09:47:00
6662594,64420,15.00,1,6411097,cash_point,1,Successful DNXGIZZ##ACM002BRN#95 QR scan,2026-07-01 09:47:20,2026-07-01 09:47:20
6662595,64420,15.00,1,6411098,cash_point,1,Successful FXJFCSC##ACM002BRN#95 QR scan,2026-07-01 09:47:20,2026-07-01 09:47:20
6662596,64420,15.00,1,6411099,cash_point,1,Successful XNXFALL##ACM002BRN#85 QR scan,2026-07-01 09:47:21,2026-07-01 09:47:21
6662597,64420,15.00,1,6411100,cash_point,1,Successful UUOPCQM##ACM002BRN#85 QR scan,2026-07-01 09:47:21,2026-07-01 09:47:21
6662598,64420,15.00,1,6411101,cash_point,1,Successful TKCTUUF##ACM002BRN#85 QR scan,2026-07-01 09:47:21,2026-07-01 09:47:21
6662599,64420,15.00,1,6411102,cash_point,1,Successful ETWBZCD##ACM002BRN#100 QR scan,2026-07-01 09:47:21,2026-07-01 09:47:21
6662600,64420,15.00,1,6411103,cash_point,1,Successful RUNBZBS##ACM002BRN#90 QR scan,2026-07-01 09:47:21,2026-07-01 09:47:21
6662601,64420,15.00,1,6411104,cash_point,1,Successful EFZQCTY##ACM002BRN#90 QR scan,2026-07-01 09:47:21,2026-07-01 09:47:21
6662602,64420,15.00,1,6411105,cash_point,1,Successful YIOFDTG##ACM002BRN#90 QR scan,2026-07-01 09:47:21,2026-07-01 09:47:21
6662603,59831,15.00,1,6411106,cash_point,1,Successful HKRTCRH##ACM023BTRNK2AST#100 QR scan,2026-07-01 09:48:12,2026-07-01 09:48:12
6662604,59831,15.00,1,6411107,cash_point,1,Successful OVCCCAE##ACM023BTRNK2AST#95 QR scan,2026-07-01 09:48:22,2026-07-01 09:48:22
6662605,64420,20.00,1,6411108,cash_point,1,Successful ENXSODK##AMC103BMINI#90 QR scan,2026-07-01 09:48:40,2026-07-01 09:48:40
6662606,64420,20.00,1,6411109,cash_point,1,Successful GLWWPWW##AMC103BMINI#90 QR scan,2026-07-01 09:48:40,2026-07-01 09:48:40
6662607,64420,20.00,1,6411110,cash_point,1,Successful ZRBOHNG##AMC103BMINI#85 QR scan,2026-07-01 09:48:40,2026-07-01 09:48:40
6662608,64420,20.00,1,6411111,cash_point,1,Successful YJDQUAO##AMC103BMINI#85 QR scan,2026-07-01 09:48:40,2026-07-01 09:48:40
6662609,64420,20.00,1,6411112,cash_point,1,Successful 4SQDQ3F QR scan,2026-07-01 09:48:40,2026-07-01 09:48:40
6662610,64420,20.00,1,6411113,cash_point,1,Successful UMWRVKI##AMC103BMINI#95 QR scan,2026-07-01 09:48:40,2026-07-01 09:48:40
6662611,64420,25.00,1,6411114,cash_point,1,Successful KVQAJYK##ASI089MMBTRNK#S QR scan,2026-07-01 09:48:40,2026-07-01 09:48:40
6662612,64420,20.00,1,6411115,cash_point,1,Successful IVOVTZV##AMC103BMINI#100 QR scan,2026-07-01 09:48:40,2026-07-01 09:48:40
6662613,77738,7.50,1,6411116,cash_point,1,Successful BGEEFQG##ACM212BCSRT-AST#100 QR scan,2026-07-01 09:49:25,2026-07-01 09:49:25
6662614,77738,7.50,1,6411117,cash_point,1,Successful GOERMBO##ACM212BCSRT-AST#100 QR scan,2026-07-01 09:49:35,2026-07-01 09:49:35
6662615,48690,20.00,1,6411118,cash_point,1,Successful OURRFES##AMC002BRNSZP#95 QR scan,2026-07-01 09:49:40,2026-07-01 09:49:40
6662616,48690,20.00,1,6411119,cash_point,1,Successful VKQKRMX##AMC002BRNZP#90 QR scan,2026-07-01 09:49:40,2026-07-01 09:49:40
6662617,77738,7.50,1,6411120,cash_point,1,Successful OXMVUPD##ACM212BCSRT-AST#100 QR scan,2026-07-01 09:49:59,2026-07-01 09:49:59
6662618,77738,7.50,1,6411121,cash_point,1,Successful RYNARPU##ACM212BCSRT-AST#95 QR scan,2026-07-01 09:50:09,2026-07-01 09:50:09
6662619,51270,-3500.00,0,50945,withdrawal,1,Cash Withdrawal,2026-07-01 09:50:14,2026-07-01 09:50:14
6662620,77738,7.50,1,6411122,cash_point,1,Successful ZOQDMCN##ACM212BCSRT-AST#95 QR scan,2026-07-01 09:50:17,2026-07-01 09:50:17
6662621,77738,7.50,1,6411123,cash_point,1,Successful YAYZSJT##ACM212BCSRT-AST#95 QR scan,2026-07-01 09:50:25,2026-07-01 09:50:25
6662622,77738,7.50,1,6411124,cash_point,1,Successful SMEDSUE##ACM212BCSRT-AST #110 QR scan,2026-07-01 09:50:35,2026-07-01 09:50:35
6662623,64420,20.00,1,6411125,cash_point,1,Successful LJ6LGXW QR scan,2026-07-01 09:50:40,2026-07-01 09:50:40
6662624,77738,7.50,1,6411126,cash_point,1,Successful MMPAXKY##ACM212BCSRT-AST #110 QR scan,2026-07-01 09:50:40,2026-07-01 09:50:40
6662625,64420,20.00,1,6411127,cash_point,1,Successful X6JU3RX QR scan,2026-07-01 09:50:40,2026-07-01 09:50:40
6662626,64420,20.00,1,6411128,cash_point,1,Successful T1R5BYM QR scan,2026-07-01 09:50:40,2026-07-01 09:50:40
6662627,64420,20.00,1,6411129,cash_point,1,Successful K44STTH QR scan,2026-07-01 09:50:40,2026-07-01 09:50:40
6662628,64420,20.00,1,6411130,cash_point,1,Successful Q6JS4KB QR scan,2026-07-01 09:50:40,2026-07-01 09:50:40
6662629,64420,20.00,1,6411131,cash_point,1,Successful 5DJQM4Y QR scan,2026-07-01 09:50:41,2026-07-01 09:50:41
6662630,64420,20.00,1,6411132,cash_point,1,Successful RLHM3PT QR scan,2026-07-01 09:50:41,2026-07-01 09:50:41
6662631,64420,20.00,1,6411133,cash_point,1,Successful PFE8QQ1 QR scan,2026-07-01 09:50:41,2026-07-01 09:50:41
6662632,64420,20.00,1,6411134,cash_point,1,Successful RS6MZ29 QR scan,2026-07-01 09:50:41,2026-07-01 09:50:41
6662633,64420,20.00,1,6411135,cash_point,1,Successful UUV5X9Q QR scan,2026-07-01 09:50:41,2026-07-01 09:50:41
6662634,64420,20.00,1,6411136,cash_point,1,Successful L1693H3 QR scan,2026-07-01 09:50:41,2026-07-01 09:50:41
6662635,77738,7.50,1,6411137,cash_point,1,Successful THVEUIR##ACM212BCSRT-AST #110 QR scan,2026-07-01 09:51:04,2026-07-01 09:51:04
6662636,77738,7.50,1,6411138,cash_point,1,Successful ECYQVYJ##ACM212BCSRT-AST#90 QR scan,2026-07-01 09:51:10,2026-07-01 09:51:10
6662637,77738,7.50,1,6411139,cash_point,1,Successful DBTJMLN##ACM212BCSRT-AST#90 QR scan,2026-07-01 09:51:18,2026-07-01 09:51:18
6662638,77738,7.50,1,6411140,cash_point,1,Successful IFMEIDZ##ACM212BCSRT-AST#90 QR scan,2026-07-01 09:51:25,2026-07-01 09:51:25
6662639,67104,15.00,1,6411141,cash_point,1,Successful OOMDRAJ##ACM001BRN2PC#90 QR scan,2026-07-01 09:52:51,2026-07-01 09:52:51
6662640,54778,12.50,1,6411142,cash_point,1,Successful TIZDWYH##ASP162BAST#XL QR scan,2026-07-01 09:53:14,2026-07-01 09:53:14
6662641,54778,12.50,1,6411143,cash_point,1,Successful QCPADRQ##ASP162BAST#L QR scan,2026-07-01 09:53:29,2026-07-01 09:53:29
6662642,54778,12.50,1,6411144,cash_point,1,Successful BBVOENO##ASP162BAST#M QR scan,2026-07-01 09:53:44,2026-07-01 09:53:44
6662643,64630,20.00,1,6411145,cash_point,1,Successful OJXTJJJ##AMC021BRN2PCZP#95 QR scan,2026-07-01 09:55:05,2026-07-01 09:55:05
6662644,64630,15.00,1,6411146,cash_point,1,Successful BACXXVZ##ACM001BRN2PC#90 QR scan,2026-07-01 09:55:19,2026-07-01 09:55:19
6662645,64630,15.00,1,6411147,cash_point,1,Successful WUHLLZF##ACM001BRN2PC#100 QR scan,2026-07-01 09:55:46,2026-07-01 09:55:46
6662646,75918,15.00,1,6411148,cash_point,1,Successful OYMNCVI##ACM023BTRNK2AST#80 QR scan,2026-07-01 09:57:43,2026-07-01 09:57:43
6662647,53842,20.00,1,6411149,cash_point,1,Successful IUATQJS##AMC114BTRNK#85 QR scan,2026-07-01 09:59:32,2026-07-01 09:59:32
6662648,53842,20.00,1,6411150,cash_point,1,Successful VJKEHDU##AMC061BBRIF1AST#85 QR scan,2026-07-01 09:59:32,2026-07-01 09:59:32
6662649,53842,20.00,1,6411151,cash_point,1,Successful JCWVQDL##AMC061BBRIF1AST#95 QR scan,2026-07-01 09:59:32,2026-07-01 09:59:32
6662650,53842,20.00,1,6411152,cash_point,1,Successful TVBELCM##AMC002BRNZP#80 QR scan,2026-07-01 09:59:33,2026-07-01 09:59:33
6662651,53842,20.00,1,6411153,cash_point,1,Successful XKIJBVD##AMC002BRNZP#90 QR scan,2026-07-01 09:59:33,2026-07-01 09:59:33
6662652,53842,20.00,1,6411154,cash_point,1,Successful KTAJDCO##AMC114BTRNK#90 QR scan,2026-07-01 09:59:33,2026-07-01 09:59:33
6662653,53842,20.00,1,6411155,cash_point,1,Successful J3AX9GN QR scan,2026-07-01 09:59:33,2026-07-01 09:59:33
6662654,53842,20.00,1,6411156,cash_point,1,Successful BVNKSTQ##AMC114BTRNK#90 QR scan,2026-07-01 09:59:33,2026-07-01 09:59:33
6662655,49457,25.00,1,6411157,cash_point,1,Successful BNEEPKX##ASI089MMBTRNK#XL QR scan,2026-07-01 10:00:41,2026-07-01 10:00:41
6662656,49457,25.00,1,6411158,cash_point,1,Successful PHRTXTH##ASI089MMBTRNK#L QR scan,2026-07-01 10:00:41,2026-07-01 10:00:41
6662657,49457,25.00,1,6411159,cash_point,1,Successful ROQPDMN##ASI089MMBTRNK#S QR scan,2026-07-01 10:00:41,2026-07-01 10:00:41
6662658,49457,25.00,1,6411160,cash_point,1,Successful YKVMSQD##ASI089MMBTRNK#M QR scan,2026-07-01 10:00:41,2026-07-01 10:00:41
6662659,49457,25.00,1,6411161,cash_point,1,Successful GJBEUOJ##ASI089MMBTRNK#XXL QR scan,2026-07-01 10:00:41,2026-07-01 10:00:41
6662660,49457,25.00,1,6411162,cash_point,1,Successful OALCWHW##ASP046BAST#XXL QR scan,2026-07-01 10:01:14,2026-07-01 10:01:14
6662661,49457,25.00,1,6411163,cash_point,1,Successful MLOPGWN##ASP046BAST#XXL QR scan,2026-07-01 10:01:14,2026-07-01 10:01:14
6662662,49457,25.00,1,6411164,cash_point,1,Successful RNCIPGM##ASI086BTRNK#L QR scan,2026-07-01 10:01:14,2026-07-01 10:01:14
6662663,49457,25.00,1,6411165,cash_point,1,Successful QOJKOAE##ASI086BTRNK#XXL QR scan,2026-07-01 10:01:14,2026-07-01 10:01:14
6662664,49457,25.00,1,6411166,cash_point,1,Successful BUGQRFP##ASI086BTRNK#M QR scan,2026-07-01 10:01:15,2026-07-01 10:01:15
6662665,49457,25.00,1,6411167,cash_point,1,Successful FIPGEKX##ASI086BTRNK#S QR scan,2026-07-01 10:01:15,2026-07-01 10:01:15
6662666,49457,25.00,1,6411168,cash_point,1,Successful FWROZTU##ASI086BTRNK#XL QR scan,2026-07-01 10:01:15,2026-07-01 10:01:15
6662667,52623,7.50,1,6411169,cash_point,1,Successful OCXYXVF##ACM061BRN#XXL QR scan,2026-07-01 10:01:45,2026-07-01 10:01:45
6662668,52623,20.00,1,6411170,cash_point,1,Successful KXCE2YA QR scan,2026-07-01 10:01:45,2026-07-01 10:01:45
6662669,52623,7.50,1,6411171,cash_point,1,Successful UMROLBP##ACM061BRN#M QR scan,2026-07-01 10:02:32,2026-07-01 10:02:32
6662670,64857,20.00,1,6411172,cash_point,1,Successful DFIBUCN##AMC111BTRNK2P#90 QR scan,2026-07-01 10:03:52,2026-07-01 10:03:52
6662671,64857,15.00,1,6411173,cash_point,1,Successful RXQSGKB##ACM001BRN2PC#95 QR scan,2026-07-01 10:03:52,2026-07-01 10:03:52
6662672,64857,20.00,1,6411174,cash_point,1,Successful NACZQML##AMC111BTRNK2P#85 QR scan,2026-07-01 10:03:52,2026-07-01 10:03:52
6662673,64857,15.00,1,6411175,cash_point,1,Successful MMKMQEE##ACM001BRN2PC#90 QR scan,2026-07-01 10:03:52,2026-07-01 10:03:52
6662674,64857,15.00,1,6411176,cash_point,1,Successful GCIPRYV##ACM001BRN2PC#100 QR scan,2026-07-01 10:03:52,2026-07-01 10:03:52
6662675,59925,15.00,1,6411177,cash_point,1,Successful FKDYMUD##ACM001BRN2PC#90 QR scan,2026-07-01 10:03:56,2026-07-01 10:03:56
6662676,59925,15.00,1,6411178,cash_point,1,Successful EJFLCXD##ACM001BRN2PC#100 QR scan,2026-07-01 10:04:11,2026-07-01 10:04:11
6662677,59925,15.00,1,6411179,cash_point,1,Successful TNJLPUI##ACM001BRN2PC#95 QR scan,2026-07-01 10:04:20,2026-07-01 10:04:20
6662678,59925,15.00,1,6411180,cash_point,1,Successful KXGCOJW##ACM006BRN2P#100 QR scan,2026-07-01 10:04:45,2026-07-01 10:04:45
6662679,77738,-810.00,0,50946,withdrawal,1,Cash Withdrawal,2026-07-01 10:05:18,2026-07-01 10:05:18
6662680,60417,12.50,1,6411181,cash_point,1,Successful BUNGUYN##ASP811BAST#L QR scan,2026-07-01 10:09:13,2026-07-01 10:09:13
6662681,60417,12.50,1,6411182,cash_point,1,Successful NMJHAZR##ASP162BAST#M QR scan,2026-07-01 10:09:24,2026-07-01 10:09:24
6662682,60417,12.50,1,6411183,cash_point,1,Successful RHLHZNH##ASP811BAST#M QR scan,2026-07-01 10:09:43,2026-07-01 10:09:43
6662683,50341,-5000.00,0,50947,withdrawal,1,Cash Withdrawal,2026-07-01 10:10:17,2026-07-01 10:10:17
6662684,53068,20.00,1,6411184,cash_point,1,Successful LOIWSPS##AMC111BTRNK2P#80 QR scan,2026-07-01 10:10:25,2026-07-01 10:10:25
6662685,53068,15.00,1,6411185,cash_point,1,Successful DGJXGPD##ACM023BTRNK2AST#90 QR scan,2026-07-01 10:10:25,2026-07-01 10:10:25
6662686,53068,12.50,1,6411186,cash_point,1,Successful LCCTCJB##ASP031BAST#XL QR scan,2026-07-01 10:10:25,2026-07-01 10:10:25
6662687,53068,20.00,1,6411187,cash_point,1,Successful MF6YW5T QR scan,2026-07-01 10:10:45,2026-07-01 10:10:45
6662688,53068,7.50,1,6411188,cash_point,1,Successful NWTWPOV##ACM303BBRMD#L QR scan,2026-07-01 10:10:45,2026-07-01 10:10:45
6662689,76263,15.00,1,6411189,cash_point,1,Successful CWNMKLO##ACM023BTRNK2AST#90 QR scan,2026-07-01 10:11:13,2026-07-01 10:11:13
6662690,51762,15.00,1,6411190,cash_point,1,Successful XVMLGER##ACM001BRN2PC#100 QR scan,2026-07-01 10:13:16,2026-07-01 10:13:16
6662691,51762,15.00,1,6411191,cash_point,1,Successful VNBBHPD##ACM001BRN2PC#100 QR scan,2026-07-01 10:13:16,2026-07-01 10:13:16
6662692,51762,15.00,1,6411192,cash_point,1,Successful QUFZVTU##ACM001BRN2PC#95 QR scan,2026-07-01 10:13:16,2026-07-01 10:13:16
6662693,51762,15.00,1,6411193,cash_point,1,Successful HQMUPDJ##ACM001BRN2PC#100 QR scan,2026-07-01 10:13:17,2026-07-01 10:13:17
6662694,51762,15.00,1,6411194,cash_point,1,Successful FDEBFKD##ACM001BRN2PC#95 QR scan,2026-07-01 10:13:17,2026-07-01 10:13:17
6662695,51762,15.00,1,6411195,cash_point,1,Successful KCTUAMT##ACM001BRN2PC#90 QR scan,2026-07-01 10:13:17,2026-07-01 10:13:17
6662696,51762,15.00,1,6411196,cash_point,1,Successful MAGNODI##ACM001BRN2PC#90 QR scan,2026-07-01 10:13:17,2026-07-01 10:13:17
6662697,51762,15.00,1,6411197,cash_point,1,Successful EIQMFVG##ACM001BRN2PC#100 QR scan,2026-07-01 10:13:17,2026-07-01 10:13:17
6662698,51762,15.00,1,6411198,cash_point,1,Successful RNZFUYA##ACM001BRN2PC#95 QR scan,2026-07-01 10:13:18,2026-07-01 10:13:18
6662699,51762,15.00,1,6411199,cash_point,1,Successful UBJKHJH##ACM001BRN2PC#90 QR scan,2026-07-01 10:13:18,2026-07-01 10:13:18
6662700,51762,15.00,1,6411200,cash_point,1,Successful JQESYHB##ACM001BRN2PC#95 QR scan,2026-07-01 10:13:18,2026-07-01 10:13:18
6662701,51762,15.00,1,6411201,cash_point,1,Successful HPXSRBL##ACM001BRN2PC#90 QR scan,2026-07-01 10:13:18,2026-07-01 10:13:18
6662702,51762,15.00,1,6411202,cash_point,1,Successful ADLYQKK##ACM023BTRNK2AST#100 QR scan,2026-07-01 10:13:18,2026-07-01 10:13:18
6662703,51762,15.00,1,6411203,cash_point,1,Successful WEAKXDJ##ACM023BTRNK2AST#100 QR scan,2026-07-01 10:13:19,2026-07-01 10:13:19
6662704,51762,15.00,1,6411204,cash_point,1,Successful RXDNOSW##ACM023BTRNK2AST#95 QR scan,2026-07-01 10:13:19,2026-07-01 10:13:19
6662705,51762,15.00,1,6411205,cash_point,1,Successful YOKWIER##ACM023BTRNK2AST#95 QR scan,2026-07-01 10:13:19,2026-07-01 10:13:19
6662706,51762,15.00,1,6411206,cash_point,1,Successful NRROCTW##ACM023BTRNK2AST#95 QR scan,2026-07-01 10:13:19,2026-07-01 10:13:19
6662707,63408,20.00,1,6411207,cash_point,1,Successful 78842j2 QR scan,2026-07-01 10:15:02,2026-07-01 10:15:02
6662708,63408,20.00,1,6411208,cash_point,1,Successful TPRT3VN QR scan,2026-07-01 10:16:13,2026-07-01 10:16:13
6662709,70076,15.00,1,6411209,cash_point,1,Successful BUVTLDU##ACM023BTRNK2AST#90 QR scan,2026-07-01 10:17:56,2026-07-01 10:17:56
6662710,63408,20.00,1,6411210,cash_point,1,Successful RGZEKUF##AMC021BRN2PCZP#95 QR scan,2026-07-01 10:18:07,2026-07-01 10:18:07
6662711,70076,15.00,1,6411211,cash_point,1,Successful JJNWHQV##ACM023BTRNK2AST#100 QR scan,2026-07-01 10:20:16,2026-07-01 10:20:16
6662712,70076,15.00,1,6411212,cash_point,1,Successful ZKGPAGN##ACM023BTRNK2AST#100 QR scan,2026-07-01 10:22:12,2026-07-01 10:22:12
6662713,76396,15.00,1,6411213,cash_point,1,Successful HHQXWSN##APR001BPNTS0AST#95 QR scan,2026-07-01 10:22:46,2026-07-01 10:22:46
6662714,76396,15.00,1,6411214,cash_point,1,Successful QVBRKOR##APR001BPNTS0AST#95 QR scan,2026-07-01 10:22:47,2026-07-01 10:22:47
6662715,76396,15.00,1,6411215,cash_point,1,Successful WAORXZR##APR002BPNTS0AST#90 QR scan,2026-07-01 10:22:47,2026-07-01 10:22:47
6662716,76396,15.00,1,6411216,cash_point,1,Successful JXOUENJ##APR002BPNTS0AST#90 QR scan,2026-07-01 10:22:47,2026-07-01 10:22:47
6662717,76396,15.00,1,6411217,cash_point,1,Successful ZHMVTDX##APR001BPNTS0AST#90 QR scan,2026-07-01 10:22:47,2026-07-01 10:22:47
6662718,76396,15.00,1,6411218,cash_point,1,Successful HHYBGIN##APR001BPNTS0AST#90 QR scan,2026-07-01 10:22:47,2026-07-01 10:22:47
6662719,76396,15.00,1,6411219,cash_point,1,Successful PDDVWQP##APR001BPNTS0AST#105 QR scan,2026-07-01 10:22:47,2026-07-01 10:22:47
6662720,49826,20.00,1,6411220,cash_point,1,Successful YAFVYJV##AMC021BRN2PCZP#100 QR scan,2026-07-01 10:22:47,2026-07-01 10:22:47
6662721,64494,20.00,1,6411221,cash_point,1,Successful ZSXJQOC##AMC113BTRNK#90 QR scan,2026-07-01 10:23:54,2026-07-01 10:23:54
6662722,76396,15.00,1,6411222,cash_point,1,Successful QGKTHFV##APR001BPNTS0AST#85 QR scan,2026-07-01 10:23:59,2026-07-01 10:23:59
6662723,76396,15.00,1,6411223,cash_point,1,Successful AZBFGFE##APR001BPNTS0AST#85 QR scan,2026-07-01 10:23:59,2026-07-01 10:23:59
6662724,76396,15.00,1,6411224,cash_point,1,Successful USUTYTC##APR001BPNTS0AST#100 QR scan,2026-07-01 10:23:59,2026-07-01 10:23:59
6662725,76396,15.00,1,6411225,cash_point,1,Successful FYULQRZ##APR001BPNTS0AST#100 QR scan,2026-07-01 10:23:59,2026-07-01 10:23:59
6662726,76396,7.50,1,6411226,cash_point,1,Successful NYVCFJJ##APR011SSRTY#75 QR scan,2026-07-01 10:24:09,2026-07-01 10:24:09
6662727,61497,20.00,1,6411227,cash_point,1,Successful NSZQ76M QR scan,2026-07-01 10:24:42,2026-07-01 10:24:42
6662728,61497,20.00,1,6411228,cash_point,1,Successful 659A49H QR scan,2026-07-01 10:24:42,2026-07-01 10:24:42
6662729,61497,20.00,1,6411229,cash_point,1,Successful AC6ENAW QR scan,2026-07-01 10:24:42,2026-07-01 10:24:42
6662730,61497,20.00,1,6411230,cash_point,1,Successful P52PEA8 QR scan,2026-07-01 10:24:42,2026-07-01 10:24:42
6662731,61497,20.00,1,6411231,cash_point,1,Successful MKF684V QR scan,2026-07-01 10:24:42,2026-07-01 10:24:42
6662732,61497,20.00,1,6411232,cash_point,1,Successful 8GKT2ZU QR scan,2026-07-01 10:24:42,2026-07-01 10:24:42
6662733,61497,20.00,1,6411233,cash_point,1,Successful Y9J9TEY QR scan,2026-07-01 10:24:42,2026-07-01 10:24:42
6662734,61497,20.00,1,6411234,cash_point,1,Successful U8W3BV3 QR scan,2026-07-01 10:24:42,2026-07-01 10:24:42
6662735,61497,20.00,1,6411235,cash_point,1,Successful 9QNHUAT QR scan,2026-07-01 10:24:42,2026-07-01 10:24:42
6662736,61497,20.00,1,6411236,cash_point,1,Successful 23PQW4N QR scan,2026-07-01 10:24:43,2026-07-01 10:24:43
6662737,61497,20.00,1,6411237,cash_point,1,Successful FSPR8K9 QR scan,2026-07-01 10:24:43,2026-07-01 10:24:43
6662738,61497,20.00,1,6411238,cash_point,1,Successful EH7UC43 QR scan,2026-07-01 10:24:43,2026-07-01 10:24:43
6662739,77338,25.00,1,6411239,cash_point,1,Successful y7wb24k QR scan,2026-07-01 10:24:47,2026-07-01 10:24:47
6662740,52061,-3045.00,0,50948,withdrawal,1,Cash Withdrawal,2026-07-01 10:25:14,2026-07-01 10:25:14
6662741,76396,7.50,1,6411240,cash_point,1,Successful ANGQPXT##APR011SSRTY#75 QR scan,2026-07-01 10:25:17,2026-07-01 10:25:17
6662742,76396,15.00,1,6411241,cash_point,1,Successful JFBORQT##ACM023BTRNK2AST#95 QR scan,2026-07-01 10:26:02,2026-07-01 10:26:02
6662743,76396,15.00,1,6411242,cash_point,1,Successful LHDDQJY##ACM023BTRNK2AST#95 QR scan,2026-07-01 10:26:02,2026-07-01 10:26:02
6662744,76396,15.00,1,6411243,cash_point,1,Successful KRTDQML##ACM023BTRNK2AST#95 QR scan,2026-07-01 10:26:02,2026-07-01 10:26:02
6662745,76396,15.00,1,6411244,cash_point,1,Successful HMFTCEZ##ACM023BTRNK2AST#95 QR scan,2026-07-01 10:26:02,2026-07-01 10:26:02
6662746,76396,15.00,1,6411245,cash_point,1,Successful PWSKBXD##ACM023BTRNK2AST#95 QR scan,2026-07-01 10:26:02,2026-07-01 10:26:02
6662747,76396,15.00,1,6411246,cash_point,1,Successful ZYNHZXH##APR011BSRTY#80 QR scan,2026-07-01 10:26:57,2026-07-01 10:26:57
6662748,76396,15.00,1,6411247,cash_point,1,Successful WXPQYVG##APR011BSRTY#80 QR scan,2026-07-01 10:26:57,2026-07-01 10:26:57
6662749,76396,15.00,1,6411248,cash_point,1,Successful CGZPEPV##APR011BSRTY#85 QR scan,2026-07-01 10:26:57,2026-07-01 10:26:57
6662750,76396,15.00,1,6411249,cash_point,1,Successful AHGEJGH##APR011BSRTY#85 QR scan,2026-07-01 10:26:58,2026-07-01 10:26:58
6662751,76396,15.00,1,6411250,cash_point,1,Successful COTRAVS##APR011BSRTY#90 QR scan,2026-07-01 10:26:58,2026-07-01 10:26:58
6662752,76396,15.00,1,6411251,cash_point,1,Successful MZQHJHD##APR011BSRTY#95 QR scan,2026-07-01 10:26:58,2026-07-01 10:26:58
6662753,76396,15.00,1,6411252,cash_point,1,Successful QGWLVOO##APR011BSRTY#100 QR scan,2026-07-01 10:26:58,2026-07-01 10:26:58
6662754,76396,15.00,1,6411253,cash_point,1,Successful SNDXMQK##APR011BSRTY#100 QR scan,2026-07-01 10:26:58,2026-07-01 10:26:58
6662755,76396,15.00,1,6411254,cash_point,1,Successful SZHKPIB##APR011BSRTY#110 QR scan,2026-07-01 10:26:58,2026-07-01 10:26:58
6662756,76396,15.00,1,6411255,cash_point,1,Successful PPSEYVX##APR011BSRTY#95 QR scan,2026-07-01 10:26:58,2026-07-01 10:26:58
6662757,76396,15.00,1,6411256,cash_point,1,Successful RPIGAZD##APR011BSRTY#95 QR scan,2026-07-01 10:26:58,2026-07-01 10:26:58
6662758,76396,15.00,1,6411257,cash_point,1,Successful HAPHRRQ##APR011BSRTY#85 QR scan,2026-07-01 10:26:58,2026-07-01 10:26:58
6662759,65601,20.00,1,6411258,cash_point,1,Successful CRQUW2C QR scan,2026-07-01 10:29:03,2026-07-01 10:29:03
6662760,65601,20.00,1,6411259,cash_point,1,Successful QSZZ5P8 QR scan,2026-07-01 10:29:03,2026-07-01 10:29:03
6662761,65601,20.00,1,6411260,cash_point,1,Successful OQIOLNH##AMC111BTRNK2P#90 QR scan,2026-07-01 10:29:03,2026-07-01 10:29:03
6662762,65601,20.00,1,6411261,cash_point,1,Successful BORVBLY##AMC111BTRNK2P#90 QR scan,2026-07-01 10:29:03,2026-07-01 10:29:03
6662763,50132,12.50,1,6411262,cash_point,1,Successful SOSIONS##ASP032BAST#XXL QR scan,2026-07-01 10:32:03,2026-07-01 10:32:03
6662764,50132,12.50,1,6411263,cash_point,1,Successful LLRRTEN##ASP031BAST#XXL QR scan,2026-07-01 10:32:04,2026-07-01 10:32:04
6662765,50132,12.50,1,6411264,cash_point,1,Successful BHBLMDG##ASP031BAST#XXL QR scan,2026-07-01 10:32:04,2026-07-01 10:32:04
6662766,50132,12.50,1,6411265,cash_point,1,Successful JTYAQMT##ASP032BAST#XXL QR scan,2026-07-01 10:32:04,2026-07-01 10:32:04
6662767,50132,12.50,1,6411266,cash_point,1,Successful GQQAFRU##ASP031BAST#XXL QR scan,2026-07-01 10:32:04,2026-07-01 10:32:04
6662768,76831,25.00,1,6411267,cash_point,1,Successful RQ6MZ32 QR scan,2026-07-01 10:33:50,2026-07-01 10:33:50
6662769,52754,15.00,1,6411268,cash_point,1,Successful NOUVEXZ##ACM101BTRNK#85 QR scan,2026-07-01 10:34:37,2026-07-01 10:34:37
6662770,74474,-2160.00,0,50949,withdrawal,1,Cash Withdrawal,2026-07-01 10:35:19,2026-07-01 10:35:19
6662771,60806,15.00,1,6411269,cash_point,1,Successful XWHIBMS##ACM321BTS01#L QR scan,2026-07-01 10:35:33,2026-07-01 10:35:33
6662772,49263,-3100.00,0,50950,withdrawal,1,Cash Withdrawal,2026-07-01 10:35:36,2026-07-01 10:35:36
6662773,68567,15.00,1,6411270,cash_point,1,Successful WAMVNQY##ACM001BRN2PC#85 QR scan,2026-07-01 10:36:50,2026-07-01 10:36:50
6662774,68567,15.00,1,6411271,cash_point,1,Successful OVOJBVX##ACM006BRN2P#90 QR scan,2026-07-01 10:36:50,2026-07-01 10:36:50
6662775,68567,15.00,1,6411272,cash_point,1,Successful TUDEHIG##ACM006BRN2P#100 QR scan,2026-07-01 10:36:50,2026-07-01 10:36:50
6662776,68567,15.00,1,6411273,cash_point,1,Successful QTMTYRG##ACM006BRNS2P#100 QR scan,2026-07-01 10:36:51,2026-07-01 10:36:51
6662777,68567,15.00,1,6411274,cash_point,1,Successful KMVCCYG##ACM006BRNS2P#95 QR scan,2026-07-01 10:36:51,2026-07-01 10:36:51
6662778,68567,15.00,1,6411275,cash_point,1,Successful BZXGDPL##ACM001BRNS2P#100 QR scan,2026-07-01 10:36:51,2026-07-01 10:36:51
6662779,68567,15.00,1,6411276,cash_point,1,Successful TYVYHSC##ACM001BRNS2P#85 QR scan,2026-07-01 10:36:51,2026-07-01 10:36:51
6662780,68567,15.00,1,6411277,cash_point,1,Successful MRFLCXA##ACM001BRN2PC#80 QR scan,2026-07-01 10:36:51,2026-07-01 10:36:51
6662781,68567,15.00,1,6411278,cash_point,1,Successful FYEZQSK##ACM001BRN2PC#95 QR scan,2026-07-01 10:36:51,2026-07-01 10:36:51
6662782,60806,15.00,1,6411279,cash_point,1,Successful PBZXYDQ##ACM321BTS01#XL QR scan,2026-07-01 10:36:53,2026-07-01 10:36:53
6662783,60806,15.00,1,6411280,cash_point,1,Successful PECMYZM##ACM321BTS01#XXL QR scan,2026-07-01 10:36:53,2026-07-01 10:36:53
6662784,60806,15.00,1,6411281,cash_point,1,Successful IXHHIKQ##ACM321BTS01#M QR scan,2026-07-01 10:37:32,2026-07-01 10:37:32
6662785,76831,25.00,1,6411282,cash_point,1,Successful WHDAOZU##ASI002BRN#90 QR scan,2026-07-01 10:37:58,2026-07-01 10:37:58
6662786,76831,25.00,1,6411283,cash_point,1,Successful SOUNFUG##ASI002BRN#95 QR scan,2026-07-01 10:37:58,2026-07-01 10:37:58
6662787,76831,25.00,1,6411284,cash_point,1,Successful FWPNKNI##ASI002BRN#85 QR scan,2026-07-01 10:37:58,2026-07-01 10:37:58
6662788,56141,20.00,1,6411285,cash_point,1,Successful OVZJSMB##AMC061BBRIF1AST#90 QR scan,2026-07-01 10:38:37,2026-07-01 10:38:37
6662789,56141,20.00,1,6411286,cash_point,1,Successful REHZEKI##AMC061BBRIF1AST#85 QR scan,2026-07-01 10:39:05,2026-07-01 10:39:05
6662790,56141,20.00,1,6411287,cash_point,1,Successful DKEVCRH##AMC114BTRNK#85 QR scan,2026-07-01 10:39:25,2026-07-01 10:39:25
6662791,56141,20.00,1,6411288,cash_point,1,Successful YVACMJS##AMC114BTRNK#90 QR scan,2026-07-01 10:39:40,2026-07-01 10:39:40
6662792,56141,20.00,1,6411289,cash_point,1,Successful XZYVUJF##AMC114BTRNK#95 QR scan,2026-07-01 10:39:40,2026-07-01 10:39:40
6662793,60614,15.00,1,6411290,cash_point,1,Successful BFFHSAC##ACM023BTRNK2AST#100 QR scan,2026-07-01 10:40:23,2026-07-01 10:40:23
6662794,48857,15.00,1,6411291,cash_point,1,Successful PAQNTDX##ACM001BRN2PC#90 QR scan,2026-07-01 10:40:26,2026-07-01 10:40:26
6662795,48857,20.00,1,6411292,cash_point,1,Successful JZKXEK6 QR scan,2026-07-01 10:40:26,2026-07-01 10:40:26
6662796,48857,20.00,1,6411293,cash_point,1,Successful B4EJEZD QR scan,2026-07-01 10:40:27,2026-07-01 10:40:27
6662797,48857,20.00,1,6411294,cash_point,1,Successful XWSHZKY##AMC111BTRNK2P#90 QR scan,2026-07-01 10:40:27,2026-07-01 10:40:27
6662798,55282,20.00,1,6411295,cash_point,1,Successful TPOYDUL##AMC021BRN2PCZP#95 QR scan,2026-07-01 10:41:07,2026-07-01 10:41:07
6662799,55282,20.00,1,6411296,cash_point,1,Successful K2AKW7T QR scan,2026-07-01 10:41:07,2026-07-01 10:41:07
6662800,60614,15.00,1,6411297,cash_point,1,Successful GKWUQFJ##ACM023BTRNK2AST#100 QR scan,2026-07-01 10:41:24,2026-07-01 10:41:24
6662801,60614,15.00,1,6411298,cash_point,1,Successful QADBAPD##ACM023BTRNK2AST#100 QR scan,2026-07-01 10:42:47,2026-07-01 10:42:47
6662802,53068,15.00,1,6411299,cash_point,1,Successful ANGUCVY##APR011BSRTY#95 QR scan,2026-07-01 10:42:56,2026-07-01 10:42:56
6662803,48751,20.00,1,6411300,cash_point,1,Successful 1YGHYVV QR scan,2026-07-01 10:42:59,2026-07-01 10:42:59
6662804,48751,20.00,1,6411301,cash_point,1,Successful 26G561C QR scan,2026-07-01 10:42:59,2026-07-01 10:42:59
6662805,48751,20.00,1,6411302,cash_point,1,Successful VEXS3UX QR scan,2026-07-01 10:42:59,2026-07-01 10:42:59
6662806,60614,15.00,1,6411303,cash_point,1,Successful POBBQVN##ACM023BTRNK2AST#90 QR scan,2026-07-01 10:43:17,2026-07-01 10:43:17
6662807,48751,15.00,1,6411304,cash_point,1,Successful AGFBDWP##ACM001BRN2PC#95 QR scan,2026-07-01 10:43:17,2026-07-01 10:43:17
6662808,48751,15.00,1,6411305,cash_point,1,Successful LEXBXYI##ACM001BRN2PC#95 QR scan,2026-07-01 10:43:52,2026-07-01 10:43:52
6662809,48751,15.00,1,6411306,cash_point,1,Successful FUXFWNM##ACM001BRN2PC#95 QR scan,2026-07-01 10:43:53,2026-07-01 10:43:53
6662810,48751,15.00,1,6411307,cash_point,1,Successful SUERWGC##ACM001BRN2PC#95 QR scan,2026-07-01 10:43:53,2026-07-01 10:43:53
6662811,48751,15.00,1,6411308,cash_point,1,Successful KGGLZSY##ACM001BRN2PC#95 QR scan,2026-07-01 10:43:53,2026-07-01 10:43:53
6662812,48751,15.00,1,6411309,cash_point,1,Successful ADCKIFH##ACM001BRN2PC#95 QR scan,2026-07-01 10:43:53,2026-07-01 10:43:53
6662813,48751,15.00,1,6411310,cash_point,1,Successful IVSYVYJ##ACM001BRN2PC#100 QR scan,2026-07-01 10:44:28,2026-07-01 10:44:28
6662814,48751,15.00,1,6411311,cash_point,1,Successful XMFPLRX##ACM001BRN2PC#100 QR scan,2026-07-01 10:44:28,2026-07-01 10:44:28
6662815,48751,15.00,1,6411312,cash_point,1,Successful XTFXHZN##ACM001BRN2PC#100 QR scan,2026-07-01 10:44:29,2026-07-01 10:44:29
6662816,48751,15.00,1,6411313,cash_point,1,Successful DSYGNGS##ACM001BRN2PC#100 QR scan,2026-07-01 10:44:29,2026-07-01 10:44:29
6662817,48751,15.00,1,6411314,cash_point,1,Successful LXSXGDJ##ACM001BRN2PC#100 QR scan,2026-07-01 10:44:29,2026-07-01 10:44:29
6662818,48751,15.00,1,6411315,cash_point,1,Successful FTANGQR##ACM001BRN2PC#100 QR scan,2026-07-01 10:44:29,2026-07-01 10:44:29
6662819,48751,15.00,1,6411316,cash_point,1,Successful RJMENSP##ACM001BRN2PC#80 QR scan,2026-07-01 10:45:12,2026-07-01 10:45:12
6662820,48751,15.00,1,6411317,cash_point,1,Successful LWMPSEJ##ACM001BRN2PC#80 QR scan,2026-07-01 10:45:12,2026-07-01 10:45:12
6662821,48751,15.00,1,6411318,cash_point,1,Successful QOPQRVM##ACM001BRN2PC#80 QR scan,2026-07-01 10:45:12,2026-07-01 10:45:12
6662822,48751,15.00,1,6411319,cash_point,1,Successful SBKGZMI##ACM001BRN2PC#80 QR scan,2026-07-01 10:45:12,2026-07-01 10:45:12
6662823,48751,15.00,1,6411320,cash_point,1,Successful CTZSVQG##ACM001BRN2PC#80 QR scan,2026-07-01 10:45:12,2026-07-01 10:45:12
6662824,68244,20.00,1,6411321,cash_point,1,Successful 7V7HCUX QR scan,2026-07-01 10:45:23,2026-07-01 10:45:23
6662825,48751,15.00,1,6411322,cash_point,1,Successful NSJDHNB##ACM001BRN2PC#80 QR scan,2026-07-01 10:46:09,2026-07-01 10:46:09
6662826,73591,20.00,1,6411323,cash_point,1,Successful R7EXKF2 QR scan,2026-07-01 10:46:26,2026-07-01 10:46:26
6662827,73591,7.50,1,6411324,cash_point,1,Successful XHFKYBE##ACM061BRN#S QR scan,2026-07-01 10:46:26,2026-07-01 10:46:26
6662828,48751,20.00,1,6411325,cash_point,1,Successful 3BPGSMV QR scan,2026-07-01 10:47:02,2026-07-01 10:47:02
6662829,48751,20.00,1,6411326,cash_point,1,Successful W13XLXP QR scan,2026-07-01 10:47:03,2026-07-01 10:47:03
6662830,48751,20.00,1,6411327,cash_point,1,Successful PJSNGSS QR scan,2026-07-01 10:47:03,2026-07-01 10:47:03
6662831,48751,20.00,1,6411328,cash_point,1,Successful UVWV6Y2 QR scan,2026-07-01 10:47:03,2026-07-01 10:47:03
6662832,48751,20.00,1,6411329,cash_point,1,Successful WT84C66 QR scan,2026-07-01 10:47:03,2026-07-01 10:47:03
6662833,48751,20.00,1,6411330,cash_point,1,Successful QYG9WS4 QR scan,2026-07-01 10:47:03,2026-07-01 10:47:03
6662834,49931,7.50,1,6411331,cash_point,1,Successful RLDDGSU##ACM001SRN#45 QR scan,2026-07-01 10:47:10,2026-07-01 10:47:10
6662835,49931,15.00,1,6411332,cash_point,1,Successful JGAVXQX##ACM023BTRNK2AST#85 QR scan,2026-07-01 10:47:10,2026-07-01 10:47:10
6662836,49931,15.00,1,6411333,cash_point,1,Successful AMQJEUL##ACM023BTRNK2AST#90 QR scan,2026-07-01 10:47:10,2026-07-01 10:47:10
6662837,49931,20.00,1,6411334,cash_point,1,Successful XULHEEH##AMC021BRN2PCZP#100 QR scan,2026-07-01 10:47:10,2026-07-01 10:47:10
6662838,49931,7.50,1,6411335,cash_point,1,Successful KHKUGQG##ACM001SRN#35 QR scan,2026-07-01 10:47:11,2026-07-01 10:47:11
6662839,61497,20.00,1,6411336,cash_point,1,Successful J9BE8LH QR scan,2026-07-01 10:47:44,2026-07-01 10:47:44
6662840,61497,20.00,1,6411337,cash_point,1,Successful 35XQUZU QR scan,2026-07-01 10:47:44,2026-07-01 10:47:44
6662841,77801,20.00,1,6411338,cash_point,1,Successful NDVFNWP##AMC111BTRNK2P#95 QR scan,2026-07-01 10:47:45,2026-07-01 10:47:45
6662842,48751,15.00,1,6411339,cash_point,1,Successful OJBTAXU##ACM023BTRNK2AST#100 QR scan,2026-07-01 10:47:53,2026-07-01 10:47:53
6662843,48751,15.00,1,6411340,cash_point,1,Successful OWNDWNJ##ACM023BTRNK2AST#100 QR scan,2026-07-01 10:47:53,2026-07-01 10:47:53
6662844,48751,15.00,1,6411341,cash_point,1,Successful YKTGLDU##ACM023BTRNK2AST#100 QR scan,2026-07-01 10:47:53,2026-07-01 10:47:53
6662845,48751,15.00,1,6411342,cash_point,1,Successful MGFWMZE##ACM023BTRNK2AST#100 QR scan,2026-07-01 10:47:53,2026-07-01 10:47:53
6662846,77801,20.00,1,6411343,cash_point,1,Successful LTRALRR##AMC111BTRNK2P#105 QR scan,2026-07-01 10:48:21,2026-07-01 10:48:21